Postcode,Month,Capacity (kW)
3818,2007-01,0
3818,2007-02,1
3818,2007-03,0
3818,2007-04,1
3818,2007-05,0
3818,2007-06,0
3818,2007-07,0
3818,2007-08,0
3818,2007-09,0
3818,2007-10,0
3818,2007-11,1
3818,2007-12,0
3818,2008-01,6
3818,2008-02,0
3818,2008-03,4
3818,2008-04,3
3818,2008-05,1
3818,2008-06,0
3818,2008-07,1
3818,2008-08,0
3818,2008-09,0
3818,2008-10,1
3818,2008-11,0
3818,2008-12,0
3818,2009-01,2
3818,2009-02,0
3818,2009-03,2
3818,2009-04,0
3818,2009-05,1
3818,2009-06,7
3818,2009-07,5
3818,2009-08,4
3818,2009-09,3
3818,2009-10,5
3818,2009-11,5
3818,2009-12,2
3818,2010-01,8
3818,2010-02,11
3818,2010-03,16
3818,2010-04,4
3818,2010-05,18
3818,2010-06,12
3818,2010-07,15
3818,2010-08,4
3818,2010-09,31
3818,2010-10,23
3818,2010-11,34
3818,2010-12,12
3818,2011-01,34
3818,2011-02,54
3818,2011-03,99
3818,2011-04,73
3818,2011-05,112
3818,2011-06,141
3818,2011-07,45
3818,2011-08,49
3818,2011-09,84
3818,2011-10,20
3818,2011-11,31
3818,2011-12,21
3818,2012-01,24
3818,2012-02,56
3818,2012-03,25
3818,2012-04,66
3818,2012-05,92
3818,2012-06,94
3818,2012-07,32
3818,2012-08,68
3818,2012-09,129
3818,2012-10,57
3818,2012-11,25
3818,2012-12,26
3818,2013-01,21
3818,2013-02,32
3818,2013-03,25
3818,2013-04,23
3818,2013-05,45
3818,2013-06,32
3818,2013-07,59
3818,2013-08,37
3818,2013-09,44
3818,2013-10,46
3818,2013-11,57
3818,2013-12,42
3818,2014-01,47
3818,2014-02,56
3818,2014-03,63
3818,2014-04,23
3818,2014-05,71
3818,2014-06,29
3818,2014-07,45
3818,2014-08,44
3818,2014-09,46
3818,2014-10,40
3818,2014-11,41
3818,2014-12,36
3818,2015-01,29
3818,2015-02,17
3818,2015-03,71
3818,2015-04,37
3818,2015-05,25
3818,2015-06,48
3818,2015-07,28
3818,2015-08,55
3818,2015-09,20
3818,2015-10,44
3818,2015-11,37
3818,2015-12,93
3818,2016-01,15
3818,2016-02,40
3818,2016-03,52
3818,2016-04,57
3818,2016-05,17
3818,2016-06,31
3818,2016-07,36
3818,2016-08,58
3818,2016-09,49
3818,2016-10,102
3818,2016-11,25
3818,2016-12,92
3818,2017-01,35
3818,2017-02,78
3818,2017-03,38
3818,2017-04,50
3818,2017-05,59
3818,2017-06,163
3818,2017-07,31
3818,2017-08,52
3818,2017-09,117
3818,2017-10,127
3818,2017-11,91
3818,2017-12,319
3818,2018-01,101
3818,2018-02,18
3818,2018-03,96
3818,2018-04,128
3818,2018-05,79
3818,2018-06,119
3818,2018-07,160
3818,2018-08,99
3818,2018-09,81
3818,2018-10,141
3818,2018-11,264
3818,2018-12,117
3818,2019-01,318
3818,2019-02,104
3818,2019-03,1028
3818,2019-04,132
3818,2019-05,115
3818,2019-06,71
3818,2019-07,224
3818,2019-08,94
3818,2019-09,103
3818,2019-10,129
3818,2019-11,123
3818,2019-12,90
3818,2020-01,44
3818,2020-02,103
3818,2020-03,169
3818,2020-04,107
3818,2020-05,90
3818,2020-06,129
3818,2020-07,150
3818,2020-08,184
3818,2020-09,227
3818,2020-10,167
3818,2020-11,136
3818,2020-12,265
3818,2021-01,126
3818,2021-02,197
3818,2021-03,212
3818,2021-04,157
3818,2021-05,156
3818,2021-06,292
3818,2021-07,154
3818,2021-08,150
3818,2021-09,99
3818,2021-10,135
3818,2021-11,337
3818,2021-12,233
3818,2022-01,79
3818,2022-02,135
3818,2022-03,134
3818,2022-04,112
3818,2022-05,119
3818,2022-06,105
3818,2022-07,258
3818,2022-08,147
3818,2022-09,139
3818,2022-10,118
3818,2022-11,98
3818,2022-12,281
3818,2023-01,132
3818,2023-02,126
3818,2023-03,134
3818,2023-04,154
3818,2023-05,123
3818,2023-06,112
3818,2023-07,108
3818,2023-08,247
3818,2023-09,221
3818,2023-10,168
3818,2023-11,203
3818,2023-12,195
3818,2024-01,118
3818,2024-02,79
3818,2024-03,170
3818,2024-04,119
3818,2024-05,118
3818,2024-06,34
6448,2007-01,0
6448,2007-02,0
6448,2007-03,0
6448,2007-04,0
6448,2007-05,0
6448,2007-06,0
6448,2007-07,0
6448,2007-08,0
6448,2007-09,0
6448,2007-10,0
6448,2007-11,0
6448,2007-12,0
6448,2008-01,0
6448,2008-02,0
6448,2008-03,0
6448,2008-04,0
6448,2008-05,0
6448,2008-06,0
6448,2008-07,0
6448,2008-08,0
6448,2008-09,0
6448,2008-10,0
6448,2008-11,0
6448,2008-12,0
6448,2009-01,0
6448,2009-02,0
6448,2009-03,0
6448,2009-04,0
6448,2009-05,0
6448,2009-06,0
6448,2009-07,0
6448,2009-08,0
6448,2009-09,0
6448,2009-10,0
6448,2009-11,0
6448,2009-12,0
6448,2010-01,0
6448,2010-02,4
6448,2010-03,0
6448,2010-04,0
6448,2010-05,0
6448,2010-06,0
6448,2010-07,0
6448,2010-08,0
6448,2010-09,0
6448,2010-10,0
6448,2010-11,0
6448,2010-12,0
6448,2011-01,0
6448,2011-02,2
6448,2011-03,0
6448,2011-04,0
6448,2011-05,0
6448,2011-06,0
6448,2011-07,0
6448,2011-08,0
6448,2011-09,0
6448,2011-10,0
6448,2011-11,0
6448,2011-12,0
6448,2012-01,0
6448,2012-02,0
6448,2012-03,0
6448,2012-04,0
6448,2012-05,0
6448,2012-06,15
6448,2012-07,0
6448,2012-08,0
6448,2012-09,0
6448,2012-10,0
6448,2012-11,0
6448,2012-12,0
6448,2013-01,0
6448,2013-02,5
6448,2013-03,0
6448,2013-04,0
6448,2013-05,0
6448,2013-06,0
6448,2013-07,0
6448,2013-08,0
6448,2013-09,0
6448,2013-10,0
6448,2013-11,5
6448,2013-12,0
6448,2014-01,0
6448,2014-02,0
6448,2014-03,0
6448,2014-04,0
6448,2014-05,0
6448,2014-06,0
6448,2014-07,0
6448,2014-08,5
6448,2014-09,0
6448,2014-10,0
6448,2014-11,0
6448,2014-12,0
6448,2015-01,0
6448,2015-02,0
6448,2015-03,0
6448,2015-04,0
6448,2015-05,0
6448,2015-06,0
6448,2015-07,0
6448,2015-08,0
6448,2015-09,0
6448,2015-10,0
6448,2015-11,0
6448,2015-12,0
6448,2016-01,0
6448,2016-02,0
6448,2016-03,0
6448,2016-04,0
6448,2016-05,0
6448,2016-06,0
6448,2016-07,0
6448,2016-08,0
6448,2016-09,0
6448,2016-10,0
6448,2016-11,0
6448,2016-12,0
6448,2017-01,0
6448,2017-02,0
6448,2017-03,0
6448,2017-04,0
6448,2017-05,0
6448,2017-06,0
6448,2017-07,0
6448,2017-08,0
6448,2017-09,0
6448,2017-10,0
6448,2017-11,0
6448,2017-12,0
6448,2018-01,0
6448,2018-02,0
6448,2018-03,0
6448,2018-04,0
6448,2018-05,0
6448,2018-06,0
6448,2018-07,0
6448,2018-08,0
6448,2018-09,0
6448,2018-10,0
6448,2018-11,0
6448,2018-12,0
6448,2019-01,0
6448,2019-02,0
6448,2019-03,0
6448,2019-04,0
6448,2019-05,0
6448,2019-06,0
6448,2019-07,0
6448,2019-08,0
6448,2019-09,0
6448,2019-10,0
6448,2019-11,0
6448,2019-12,0
6448,2020-01,7
6448,2020-02,0
6448,2020-03,0
6448,2020-04,0
6448,2020-05,0
6448,2020-06,0
6448,2020-07,0
6448,2020-08,0
6448,2020-09,16
6448,2020-10,0
6448,2020-11,0
6448,2020-12,0
6448,2021-01,0
6448,2021-02,0
6448,2021-03,0
6448,2021-04,0
6448,2021-05,0
6448,2021-06,0
6448,2021-07,0
6448,2021-08,0
6448,2021-09,0
6448,2021-10,0
6448,2021-11,0
6448,2021-12,0
6448,2022-01,0
6448,2022-02,10
6448,2022-03,0
6448,2022-04,0
6448,2022-05,0
6448,2022-06,0
6448,2022-07,0
6448,2022-08,0
6448,2022-09,0
6448,2022-10,9
6448,2022-11,0
6448,2022-12,7
6448,2023-01,0
6448,2023-02,0
6448,2023-03,0
6448,2023-04,0
6448,2023-05,0
6448,2023-06,0
6448,2023-07,0
6448,2023-08,0
6448,2023-09,0
6448,2023-10,0
6448,2023-11,0
6448,2023-12,7
6448,2024-01,0
6448,2024-02,0
6448,2024-03,0
6448,2024-04,0
6448,2024-05,0
6448,2024-06,0
2XXX,2007-01,26
2XXX,2007-02,43
2XXX,2007-03,44
2XXX,2007-04,45
2XXX,2007-05,54
2XXX,2007-06,63
2XXX,2007-07,124
2XXX,2007-08,142
2XXX,2007-09,189
2XXX,2007-10,201
2XXX,2007-11,190
2XXX,2007-12,241
2XXX,2008-01,288
2XXX,2008-02,262
2XXX,2008-03,291
2XXX,2008-04,303
2XXX,2008-05,337
2XXX,2008-06,281
2XXX,2008-07,377
2XXX,2008-08,383
2XXX,2008-09,446
2XXX,2008-10,503
2XXX,2008-11,482
2XXX,2008-12,717
2XXX,2009-01,616
2XXX,2009-02,862
2XXX,2009-03,1101
2XXX,2009-04,1206
2XXX,2009-05,1213
2XXX,2009-06,1242
2XXX,2009-07,1418
2XXX,2009-08,1882
2XXX,2009-09,2327
2XXX,2009-10,2573
2XXX,2009-11,3020
2XXX,2009-12,2942
2XXX,2010-01,2778
2XXX,2010-02,4153
2XXX,2010-03,6436
2XXX,2010-04,7445
2XXX,2010-05,9784
2XXX,2010-06,14056
2XXX,2010-07,15174
2XXX,2010-08,17046
2XXX,2010-09,19006
2XXX,2010-10,21418
2XXX,2010-11,24508
2XXX,2010-12,16829
2XXX,2011-01,28158
2XXX,2011-02,27225
2XXX,2011-03,30260
2XXX,2011-04,25362
2XXX,2011-05,31523
2XXX,2011-06,37409
2XXX,2011-07,6032
2XXX,2011-08,5163
2XXX,2011-09,4612
2XXX,2011-10,5135
2XXX,2011-11,6314
2XXX,2011-12,5355
2XXX,2012-01,4362
2XXX,2012-02,6123
2XXX,2012-03,8105
2XXX,2012-04,8696
2XXX,2012-05,17894
2XXX,2012-06,31529
2XXX,2012-07,8462
2XXX,2012-08,9432
2XXX,2012-09,9446
2XXX,2012-10,11178
2XXX,2012-11,13233
2XXX,2012-12,21357
2XXX,2013-01,9993
2XXX,2013-02,11851
2XXX,2013-03,11528
2XXX,2013-04,10474
2XXX,2013-05,12375
2XXX,2013-06,10292
2XXX,2013-07,12888
2XXX,2013-08,13649
2XXX,2013-09,13509
2XXX,2013-10,13393
2XXX,2013-11,12315
2XXX,2013-12,12225
2XXX,2014-01,9462
2XXX,2014-02,11046
2XXX,2014-03,11903
2XXX,2014-04,12237
2XXX,2014-05,36478
2XXX,2014-06,14109
2XXX,2014-07,15831
2XXX,2014-08,15414
2XXX,2014-09,18072
2XXX,2014-10,18927
2XXX,2014-11,17859
2XXX,2014-12,16703
2XXX,2015-01,13776
2XXX,2015-02,17832
2XXX,2015-03,119896
2XXX,2015-04,12971
2XXX,2015-05,15711
2XXX,2015-06,15869
2XXX,2015-07,69825
2XXX,2015-08,15249
2XXX,2015-09,15821
2XXX,2015-10,15153
2XXX,2015-11,15196
2XXX,2015-12,15871
2XXX,2016-01,9668
2XXX,2016-02,69729
2XXX,2016-03,13750
2XXX,2016-04,13553
2XXX,2016-05,14595
2XXX,2016-06,15131
2XXX,2016-07,13419
2XXX,2016-08,15147
2XXX,2016-09,17619
2XXX,2016-10,14717
2XXX,2016-11,19473
2XXX,2016-12,45997
2XXX,2017-01,12571
2XXX,2017-02,17138
2XXX,2017-03,20323
2XXX,2017-04,16177
2XXX,2017-05,27051
2XXX,2017-06,23767
2XXX,2017-07,24940
2XXX,2017-08,24288
2XXX,2017-09,23825
2XXX,2017-10,27961
2XXX,2017-11,35054
2XXX,2017-12,101605
2XXX,2018-01,59453
2XXX,2018-02,31069
2XXX,2018-03,33675
2XXX,2018-04,47541
2XXX,2018-05,116696
2XXX,2018-06,36893
2XXX,2018-07,44732
2XXX,2018-08,43598
2XXX,2018-09,252521
2XXX,2018-10,42205
2XXX,2018-11,48136
2XXX,2018-12,52809
2XXX,2019-01,32231
2XXX,2019-02,44522
2XXX,2019-03,47027
2XXX,2019-04,152156
2XXX,2019-05,51525
2XXX,2019-06,49509
2XXX,2019-07,59978
2XXX,2019-08,284900
2XXX,2019-09,57034
2XXX,2019-10,318819
2XXX,2019-11,210338
2XXX,2019-12,720451
2XXX,2020-01,48784
2XXX,2020-02,71391
2XXX,2020-03,195622
2XXX,2020-04,73071
2XXX,2020-05,71519
2XXX,2020-06,169018
2XXX,2020-07,95436
2XXX,2020-08,84872
2XXX,2020-09,101380
2XXX,2020-10,128763
2XXX,2020-11,304312
2XXX,2020-12,179608
2XXX,2021-01,73072
2XXX,2021-02,135542
2XXX,2021-03,100371
2XXX,2021-04,93524
2XXX,2021-05,104484
2XXX,2021-06,241569
2XXX,2021-07,148670
2XXX,2021-08,250942
2XXX,2021-09,85448
2XXX,2021-10,205319
2XXX,2021-11,202002
2XXX,2021-12,111873
2XXX,2022-01,45904
2XXX,2022-02,68835
2XXX,2022-03,210850
2XXX,2022-04,59408
2XXX,2022-05,72313
2XXX,2022-06,83128
2XXX,2022-07,73532
2XXX,2022-08,95485
2XXX,2022-09,712384
2XXX,2022-10,88699
2XXX,2022-11,107865
2XXX,2022-12,365791
2XXX,2023-01,55624
2XXX,2023-02,85919
2XXX,2023-03,93111
2XXX,2023-04,74542
2XXX,2023-05,175948
2XXX,2023-06,102400
2XXX,2023-07,106286
2XXX,2023-08,120251
2XXX,2023-09,107525
2XXX,2023-10,124191
2XXX,2023-11,118931
2XXX,2023-12,124259
2XXX,2024-01,79610
2XXX,2024-02,95687
2XXX,2024-03,516712
2XXX,2024-04,83178
2XXX,2024-05,82118
2XXX,2024-06,47394
4XXX,2007-01,10
4XXX,2007-02,15
4XXX,2007-03,9
4XXX,2007-04,12
4XXX,2007-05,1
4XXX,2007-06,25
4XXX,2007-07,55
4XXX,2007-08,43
4XXX,2007-09,90
4XXX,2007-10,160
4XXX,2007-11,118
4XXX,2007-12,162
4XXX,2008-01,96
4XXX,2008-02,122
4XXX,2008-03,117
4XXX,2008-04,228
4XXX,2008-05,258
4XXX,2008-06,290
4XXX,2008-07,322
4XXX,2008-08,291
4XXX,2008-09,389
4XXX,2008-10,661
4XXX,2008-11,590
4XXX,2008-12,747
4XXX,2009-01,679
4XXX,2009-02,871
4XXX,2009-03,1254
4XXX,2009-04,1131
4XXX,2009-05,1327
4XXX,2009-06,1849
4XXX,2009-07,2200
4XXX,2009-08,2132
4XXX,2009-09,2446
4XXX,2009-10,3079
4XXX,2009-11,4016
4XXX,2009-12,3443
4XXX,2010-01,3126
4XXX,2010-02,4031
4XXX,2010-03,5345
4XXX,2010-04,5295
4XXX,2010-05,6383
4XXX,2010-06,8079
4XXX,2010-07,8394
4XXX,2010-08,9305
4XXX,2010-09,9331
4XXX,2010-10,10128
4XXX,2010-11,13443
4XXX,2010-12,9537
4XXX,2011-01,10549
4XXX,2011-02,13584
4XXX,2011-03,18332
4XXX,2011-04,18103
4XXX,2011-05,32780
4XXX,2011-06,49365
4XXX,2011-07,15812
4XXX,2011-08,13475
4XXX,2011-09,13089
4XXX,2011-10,12320
4XXX,2011-11,14608
4XXX,2011-12,13245
4XXX,2012-01,12379
4XXX,2012-02,20290
4XXX,2012-03,24815
4XXX,2012-04,29392
4XXX,2012-05,47486
4XXX,2012-06,66930
4XXX,2012-07,33622
4XXX,2012-08,43748
4XXX,2012-09,37818
4XXX,2012-10,34186
4XXX,2012-11,31066
4XXX,2012-12,36756
4XXX,2013-01,17595
4XXX,2013-02,17238
4XXX,2013-03,21508
4XXX,2013-04,25728
4XXX,2013-05,37012
4XXX,2013-06,53173
4XXX,2013-07,21377
4XXX,2013-08,15284
4XXX,2013-09,14706
4XXX,2013-10,15549
4XXX,2013-11,15904
4XXX,2013-12,13919
4XXX,2014-01,15626
4XXX,2014-02,19865
4XXX,2014-03,21638
4XXX,2014-04,21062
4XXX,2014-05,25046
4XXX,2014-06,23463
4XXX,2014-07,24877
4XXX,2014-08,19801
4XXX,2014-09,20586
4XXX,2014-10,19939
4XXX,2014-11,17181
4XXX,2014-12,17869
4XXX,2015-01,14574
4XXX,2015-02,15807
4XXX,2015-03,17794
4XXX,2015-04,14886
4XXX,2015-05,17989
4XXX,2015-06,16264
4XXX,2015-07,20050
4XXX,2015-08,15946
4XXX,2015-09,17223
4XXX,2015-10,15564
4XXX,2015-11,18882
4XXX,2015-12,14619
4XXX,2016-01,11355
4XXX,2016-02,14548
4XXX,2016-03,13888
4XXX,2016-04,13760
4XXX,2016-05,14760
4XXX,2016-06,15668
4XXX,2016-07,15898
4XXX,2016-08,17437
4XXX,2016-09,17450
4XXX,2016-10,17788
4XXX,2016-11,21571
4XXX,2016-12,27270
4XXX,2017-01,14960
4XXX,2017-02,19721
4XXX,2017-03,47181
4XXX,2017-04,20870
4XXX,2017-05,26585
4XXX,2017-06,25578
4XXX,2017-07,41776
4XXX,2017-08,30059
4XXX,2017-09,29072
4XXX,2017-10,27009
4XXX,2017-11,55501
4XXX,2017-12,110912
4XXX,2018-01,44820
4XXX,2018-02,27929
4XXX,2018-03,327028
4XXX,2018-04,28303
4XXX,2018-05,34673
4XXX,2018-06,37047
4XXX,2018-07,310502
4XXX,2018-08,245060
4XXX,2018-09,367453
4XXX,2018-10,58142
4XXX,2018-11,146091
4XXX,2018-12,126696
4XXX,2019-01,150093
4XXX,2019-02,168707
4XXX,2019-03,41390
4XXX,2019-04,109550
4XXX,2019-05,182000
4XXX,2019-06,134110
4XXX,2019-07,57844
4XXX,2019-08,68713
4XXX,2019-09,54395
4XXX,2019-10,58023
4XXX,2019-11,234825
4XXX,2019-12,65329
4XXX,2020-01,46217
4XXX,2020-02,55601
4XXX,2020-03,65419
4XXX,2020-04,138147
4XXX,2020-05,56095
4XXX,2020-06,66117
4XXX,2020-07,100181
4XXX,2020-08,64317
4XXX,2020-09,68398
4XXX,2020-10,69200
4XXX,2020-11,79645
4XXX,2020-12,221237
4XXX,2021-01,63681
4XXX,2021-02,70520
4XXX,2021-03,79682
4XXX,2021-04,64514
4XXX,2021-05,67856
4XXX,2021-06,69529
4XXX,2021-07,72383
4XXX,2021-08,67732
4XXX,2021-09,69549
4XXX,2021-10,65826
4XXX,2021-11,529515
4XXX,2021-12,285305
4XXX,2022-01,36946
4XXX,2022-02,50428
4XXX,2022-03,59893
4XXX,2022-04,465981
4XXX,2022-05,50895
4XXX,2022-06,67156
4XXX,2022-07,58646
4XXX,2022-08,67574
4XXX,2022-09,65294
4XXX,2022-10,176177
4XXX,2022-11,78127
4XXX,2022-12,79869
4XXX,2023-01,45564
4XXX,2023-02,367379
4XXX,2023-03,67365
4XXX,2023-04,52544
4XXX,2023-05,234016
4XXX,2023-06,78859
4XXX,2023-07,68169
4XXX,2023-08,73550
4XXX,2023-09,72453
4XXX,2023-10,71859
4XXX,2023-11,80720
4XXX,2023-12,77311
4XXX,2024-01,47198
4XXX,2024-02,66610
4XXX,2024-03,60007
4XXX,2024-04,67498
4XXX,2024-05,67879
4XXX,2024-06,41924
3XXX,2007-01,24
3XXX,2007-02,22
3XXX,2007-03,46
3XXX,2007-04,60
3XXX,2007-05,60
3XXX,2007-06,58
3XXX,2007-07,77
3XXX,2007-08,118
3XXX,2007-09,137
3XXX,2007-10,224
3XXX,2007-11,150
3XXX,2007-12,133
3XXX,2008-01,134
3XXX,2008-02,170
3XXX,2008-03,198
3XXX,2008-04,312
3XXX,2008-05,331
3XXX,2008-06,186
3XXX,2008-07,243
3XXX,2008-08,155
3XXX,2008-09,189
3XXX,2008-10,229
3XXX,2008-11,235
3XXX,2008-12,342
3XXX,2009-01,351
3XXX,2009-02,571
3XXX,2009-03,505
3XXX,2009-04,437
3XXX,2009-05,631
3XXX,2009-06,544
3XXX,2009-07,772
3XXX,2009-08,862
3XXX,2009-09,1228
3XXX,2009-10,1363
3XXX,2009-11,1450
3XXX,2009-12,1794
3XXX,2010-01,2485
3XXX,2010-02,3466
3XXX,2010-03,4807
3XXX,2010-04,4820
3XXX,2010-05,6295
3XXX,2010-06,5473
3XXX,2010-07,4441
3XXX,2010-08,3939
3XXX,2010-09,5142
3XXX,2010-10,5932
3XXX,2010-11,6562
3XXX,2010-12,5804
3XXX,2011-01,6810
3XXX,2011-02,8196
3XXX,2011-03,11455
3XXX,2011-04,11419
3XXX,2011-05,17994
3XXX,2011-06,28841
3XXX,2011-07,9463
3XXX,2011-08,11390
3XXX,2011-09,19550
3XXX,2011-10,3740
3XXX,2011-11,5812
3XXX,2011-12,5953
3XXX,2012-01,5632
3XXX,2012-02,9583
3XXX,2012-03,12668
3XXX,2012-04,15107
3XXX,2012-05,25161
3XXX,2012-06,35032
3XXX,2012-07,16586
3XXX,2012-08,16752
3XXX,2012-09,33750
3XXX,2012-10,9975
3XXX,2012-11,10747
3XXX,2012-12,16773
3XXX,2013-01,8522
3XXX,2013-02,9916
3XXX,2013-03,10538
3XXX,2013-04,10709
3XXX,2013-05,12082
3XXX,2013-06,11062
3XXX,2013-07,11379
3XXX,2013-08,10693
3XXX,2013-09,10363
3XXX,2013-10,12575
3XXX,2013-11,12527
3XXX,2013-12,11669
3XXX,2014-01,10390
3XXX,2014-02,13072
3XXX,2014-03,14092
3XXX,2014-04,15894
3XXX,2014-05,16366
3XXX,2014-06,13110
3XXX,2014-07,16461
3XXX,2014-08,14093
3XXX,2014-09,16193
3XXX,2014-10,16905
3XXX,2014-11,15189
3XXX,2014-12,14417
3XXX,2015-01,12011
3XXX,2015-02,14069
3XXX,2015-03,13727
3XXX,2015-04,12789
3XXX,2015-05,11252
3XXX,2015-06,12842
3XXX,2015-07,13393
3XXX,2015-08,12848
3XXX,2015-09,12909
3XXX,2015-10,12977
3XXX,2015-11,11966
3XXX,2015-12,12839
3XXX,2016-01,8063
3XXX,2016-02,12496
3XXX,2016-03,12770
3XXX,2016-04,11882
3XXX,2016-05,12042
3XXX,2016-06,11612
3XXX,2016-07,11380
3XXX,2016-08,11246
3XXX,2016-09,12243
3XXX,2016-10,12956
3XXX,2016-11,13317
3XXX,2016-12,17917
3XXX,2017-01,9625
3XXX,2017-02,12997
3XXX,2017-03,15410
3XXX,2017-04,12566
3XXX,2017-05,17550
3XXX,2017-06,19200
3XXX,2017-07,17039
3XXX,2017-08,17471
3XXX,2017-09,18112
3XXX,2017-10,21256
3XXX,2017-11,24782
3XXX,2017-12,28446
3XXX,2018-01,16380
3XXX,2018-02,26167
3XXX,2018-03,86113
3XXX,2018-04,23906
3XXX,2018-05,48737
3XXX,2018-06,25838
3XXX,2018-07,134486
3XXX,2018-08,35647
3XXX,2018-09,32686
3XXX,2018-10,158465
3XXX,2018-11,154625
3XXX,2018-12,46384
3XXX,2019-01,36221
3XXX,2019-02,44664
3XXX,2019-03,49618
3XXX,2019-04,45571
3XXX,2019-05,161630
3XXX,2019-06,35376
3XXX,2019-07,32599
3XXX,2019-08,36029
3XXX,2019-09,37163
3XXX,2019-10,47524
3XXX,2019-11,75042
3XXX,2019-12,63976
3XXX,2020-01,40356
3XXX,2020-02,51023
3XXX,2020-03,52378
3XXX,2020-04,76591
3XXX,2020-05,47093
3XXX,2020-06,80009
3XXX,2020-07,62695
3XXX,2020-08,31756
3XXX,2020-09,285333
3XXX,2020-10,51170
3XXX,2020-11,180410
3XXX,2020-12,265990
3XXX,2021-01,57041
3XXX,2021-02,164419
3XXX,2021-03,70912
3XXX,2021-04,55602
3XXX,2021-05,53558
3XXX,2021-06,61096
3XXX,2021-07,62896
3XXX,2021-08,62815
3XXX,2021-09,45375
3XXX,2021-10,57192
3XXX,2021-11,104299
3XXX,2021-12,71383
3XXX,2022-01,24237
3XXX,2022-02,40066
3XXX,2022-03,44978
3XXX,2022-04,35638
3XXX,2022-05,41002
3XXX,2022-06,42406
3XXX,2022-07,48106
3XXX,2022-08,51363
3XXX,2022-09,52450
3XXX,2022-10,46851
3XXX,2022-11,57594
3XXX,2022-12,76281
3XXX,2023-01,35550
3XXX,2023-02,49194
3XXX,2023-03,49908
3XXX,2023-04,39437
3XXX,2023-05,53474
3XXX,2023-06,57665
3XXX,2023-07,57727
3XXX,2023-08,56055
3XXX,2023-09,55130
3XXX,2023-10,54198
3XXX,2023-11,65329
3XXX,2023-12,210743
3XXX,2024-01,35514
3XXX,2024-02,69653
3XXX,2024-03,44754
3XXX,2024-04,43150
3XXX,2024-05,134087
3XXX,2024-06,12497
5XXX,2007-01,56
5XXX,2007-02,68
5XXX,2007-03,88
5XXX,2007-04,56
5XXX,2007-05,26
5XXX,2007-06,91
5XXX,2007-07,149
5XXX,2007-08,200
5XXX,2007-09,165
5XXX,2007-10,232
5XXX,2007-11,252
5XXX,2007-12,286
5XXX,2008-01,260
5XXX,2008-02,291
5XXX,2008-03,264
5XXX,2008-04,303
5XXX,2008-05,373
5XXX,2008-06,329
5XXX,2008-07,432
5XXX,2008-08,477
5XXX,2008-09,427
5XXX,2008-10,562
5XXX,2008-11,587
5XXX,2008-12,546
5XXX,2009-01,549
5XXX,2009-02,759
5XXX,2009-03,883
5XXX,2009-04,858
5XXX,2009-05,952
5XXX,2009-06,760
5XXX,2009-07,866
5XXX,2009-08,1029
5XXX,2009-09,1133
5XXX,2009-10,1573
5XXX,2009-11,1639
5XXX,2009-12,1412
5XXX,2010-01,1246
5XXX,2010-02,1484
5XXX,2010-03,1737
5XXX,2010-04,2074
5XXX,2010-05,2559
5XXX,2010-06,2457
5XXX,2010-07,2419
5XXX,2010-08,2791
5XXX,2010-09,3504
5XXX,2010-10,3531
5XXX,2010-11,4864
5XXX,2010-12,4648
5XXX,2011-01,5637
5XXX,2011-02,7753
5XXX,2011-03,10139
5XXX,2011-04,10634
5XXX,2011-05,15680
5XXX,2011-06,24665
5XXX,2011-07,12269
5XXX,2011-08,13936
5XXX,2011-09,17292
5XXX,2011-10,18134
5XXX,2011-11,17004
5XXX,2011-12,10438
5XXX,2012-01,7872
5XXX,2012-02,8100
5XXX,2012-03,8324
5XXX,2012-04,8833
5XXX,2012-05,16454
5XXX,2012-06,24611
5XXX,2012-07,10106
5XXX,2012-08,9388
5XXX,2012-09,7233
5XXX,2012-10,9302
5XXX,2012-11,9694
5XXX,2012-12,18189
5XXX,2013-01,7454
5XXX,2013-02,7538
5XXX,2013-03,8015
5XXX,2013-04,7244
5XXX,2013-05,8222
5XXX,2013-06,8398
5XXX,2013-07,10069
5XXX,2013-08,12993
5XXX,2013-09,16116
5XXX,2013-10,20342
5XXX,2013-11,19919
5XXX,2013-12,15149
5XXX,2014-01,17539
5XXX,2014-02,4766
5XXX,2014-03,5537
5XXX,2014-04,4340
5XXX,2014-05,5901
5XXX,2014-06,4773
5XXX,2014-07,6347
5XXX,2014-08,6088
5XXX,2014-09,6848
5XXX,2014-10,8052
5XXX,2014-11,5933
5XXX,2014-12,6145
5XXX,2015-01,4674
5XXX,2015-02,5380
5XXX,2015-03,5549
5XXX,2015-04,5289
5XXX,2015-05,5483
5XXX,2015-06,5908
5XXX,2015-07,5942
5XXX,2015-08,5190
5XXX,2015-09,6125
5XXX,2015-10,5781
5XXX,2015-11,6142
5XXX,2015-12,5441
5XXX,2016-01,4265
5XXX,2016-02,5860
5XXX,2016-03,5604
5XXX,2016-04,5300
5XXX,2016-05,5313
5XXX,2016-06,5519
5XXX,2016-07,5547
5XXX,2016-08,7817
5XXX,2016-09,6844
5XXX,2016-10,6971
5XXX,2016-11,8791
5XXX,2016-12,11698
5XXX,2017-01,6202
5XXX,2017-02,7782
5XXX,2017-03,10145
5XXX,2017-04,5897
5XXX,2017-05,7786
5XXX,2017-06,8136
5XXX,2017-07,8497
5XXX,2017-08,10618
5XXX,2017-09,10982
5XXX,2017-10,13668
5XXX,2017-11,15169
5XXX,2017-12,19730
5XXX,2018-01,10444
5XXX,2018-02,13924
5XXX,2018-03,14289
5XXX,2018-04,18305
5XXX,2018-05,154813
5XXX,2018-06,19582
5XXX,2018-07,13690
5XXX,2018-08,15146
5XXX,2018-09,154976
5XXX,2018-10,17771
5XXX,2018-11,24966
5XXX,2018-12,25587
5XXX,2019-01,13544
5XXX,2019-02,147960
5XXX,2019-03,23651
5XXX,2019-04,20843
5XXX,2019-05,22204
5XXX,2019-06,22463
5XXX,2019-07,28161
5XXX,2019-08,23276
5XXX,2019-09,21916
5XXX,2019-10,33263
5XXX,2019-11,25376
5XXX,2019-12,34229
5XXX,2020-01,39056
5XXX,2020-02,24011
5XXX,2020-03,26900
5XXX,2020-04,23487
5XXX,2020-05,24296
5XXX,2020-06,25900
5XXX,2020-07,28763
5XXX,2020-08,24943
5XXX,2020-09,37995
5XXX,2020-10,26002
5XXX,2020-11,26814
5XXX,2020-12,36451
5XXX,2021-01,19294
5XXX,2021-02,23829
5XXX,2021-03,63914
5XXX,2021-04,41184
5XXX,2021-05,22563
5XXX,2021-06,24932
5XXX,2021-07,21927
5XXX,2021-08,32545
5XXX,2021-09,45097
5XXX,2021-10,24749
5XXX,2021-11,36016
5XXX,2021-12,33590
5XXX,2022-01,13144
5XXX,2022-02,20938
5XXX,2022-03,21011
5XXX,2022-04,127363
5XXX,2022-05,18761
5XXX,2022-06,33888
5XXX,2022-07,24839
5XXX,2022-08,23959
5XXX,2022-09,33868
5XXX,2022-10,26488
5XXX,2022-11,40511
5XXX,2022-12,36828
5XXX,2023-01,16206
5XXX,2023-02,26918
5XXX,2023-03,22809
5XXX,2023-04,18873
5XXX,2023-05,40698
5XXX,2023-06,21558
5XXX,2023-07,145272
5XXX,2023-08,25183
5XXX,2023-09,23703
5XXX,2023-10,29840
5XXX,2023-11,66984
5XXX,2023-12,32432
5XXX,2024-01,13628
5XXX,2024-02,18914
5XXX,2024-03,16543
5XXX,2024-04,18018
5XXX,2024-05,19250
5XXX,2024-06,10917
08XX,2007-01,10
08XX,2007-02,5
08XX,2007-03,8
08XX,2007-04,18
08XX,2007-05,0
08XX,2007-06,10
08XX,2007-07,20
08XX,2007-08,1
08XX,2007-09,15
08XX,2007-10,21
08XX,2007-11,7
08XX,2007-12,69
08XX,2008-01,6
08XX,2008-02,1
08XX,2008-03,16
08XX,2008-04,21
08XX,2008-05,6
08XX,2008-06,56
08XX,2008-07,52
08XX,2008-08,34
08XX,2008-09,89
08XX,2008-10,31
08XX,2008-11,22
08XX,2008-12,83
08XX,2009-01,16
08XX,2009-02,31
08XX,2009-03,27
08XX,2009-04,12
08XX,2009-05,13
08XX,2009-06,14
08XX,2009-07,54
08XX,2009-08,55
08XX,2009-09,68
08XX,2009-10,48
08XX,2009-11,101
08XX,2009-12,69
08XX,2010-01,84
08XX,2010-02,148
08XX,2010-03,135
08XX,2010-04,144
08XX,2010-05,120
08XX,2010-06,126
08XX,2010-07,210
08XX,2010-08,75
08XX,2010-09,267
08XX,2010-10,95
08XX,2010-11,60
08XX,2010-12,43
08XX,2011-01,26
08XX,2011-02,2
08XX,2011-03,73
08XX,2011-04,114
08XX,2011-05,248
08XX,2011-06,384
08XX,2011-07,112
08XX,2011-08,45
08XX,2011-09,116
08XX,2011-10,131
08XX,2011-11,197
08XX,2011-12,361
08XX,2012-01,73
08XX,2012-02,83
08XX,2012-03,122
08XX,2012-04,121
08XX,2012-05,338
08XX,2012-06,421
08XX,2012-07,80
08XX,2012-08,120
08XX,2012-09,147
08XX,2012-10,125
08XX,2012-11,219
08XX,2012-12,449
08XX,2013-01,298
08XX,2013-02,292
08XX,2013-03,366
08XX,2013-04,302
08XX,2013-05,415
08XX,2013-06,546
08XX,2013-07,735
08XX,2013-08,265
08XX,2013-09,426
08XX,2013-10,546
08XX,2013-11,562
08XX,2013-12,305
08XX,2014-01,219
08XX,2014-02,313
08XX,2014-03,554
08XX,2014-04,473
08XX,2014-05,691
08XX,2014-06,538
08XX,2014-07,481
08XX,2014-08,519
08XX,2014-09,573
08XX,2014-10,618
08XX,2014-11,893
08XX,2014-12,579
08XX,2015-01,252
08XX,2015-02,473
08XX,2015-03,764
08XX,2015-04,534
08XX,2015-05,819
08XX,2015-06,589
08XX,2015-07,624
08XX,2015-08,1164
08XX,2015-09,1301
08XX,2015-10,1968
08XX,2015-11,1195
08XX,2015-12,962
08XX,2016-01,447
08XX,2016-02,887
08XX,2016-03,781
08XX,2016-04,2873
08XX,2016-05,1555
08XX,2016-06,5325
08XX,2016-07,1080
08XX,2016-08,1051
08XX,2016-09,1314
08XX,2016-10,1191
08XX,2016-11,1161
08XX,2016-12,3521
08XX,2017-01,445
08XX,2017-02,616
08XX,2017-03,692
08XX,2017-04,912
08XX,2017-05,1503
08XX,2017-06,1625
08XX,2017-07,1603
08XX,2017-08,1550
08XX,2017-09,1122
08XX,2017-10,2071
08XX,2017-11,1522
08XX,2017-12,1788
08XX,2018-01,1435
08XX,2018-02,4703
08XX,2018-03,2746
08XX,2018-04,1340
08XX,2018-05,1325
08XX,2018-06,2246
08XX,2018-07,1611
08XX,2018-08,1572
08XX,2018-09,1952
08XX,2018-10,2237
08XX,2018-11,2410
08XX,2018-12,4726
08XX,2019-01,1413
08XX,2019-02,4266
08XX,2019-03,2959
08XX,2019-04,2059
08XX,2019-05,2675
08XX,2019-06,2516
08XX,2019-07,2237
08XX,2019-08,2616
08XX,2019-09,2751
08XX,2019-10,2507
08XX,2019-11,2489
08XX,2019-12,3590
08XX,2020-01,2162
08XX,2020-02,3055
08XX,2020-03,2650
08XX,2020-04,2425
08XX,2020-05,3292
08XX,2020-06,3021
08XX,2020-07,2599
08XX,2020-08,1629
08XX,2020-09,2353
08XX,2020-10,1948
08XX,2020-11,2621
08XX,2020-12,35931
08XX,2021-01,1023
08XX,2021-02,2744
08XX,2021-03,1815
08XX,2021-04,1063
08XX,2021-05,1896
08XX,2021-06,1338
08XX,2021-07,1815
08XX,2021-08,26237
08XX,2021-09,1327
08XX,2021-10,1869
08XX,2021-11,2008
08XX,2021-12,2329
08XX,2022-01,716
08XX,2022-02,9391
08XX,2022-03,14602
08XX,2022-04,1368
08XX,2022-05,1673
08XX,2022-06,1724
08XX,2022-07,1690
08XX,2022-08,2178
08XX,2022-09,1482
08XX,2022-10,1506
08XX,2022-11,1781
08XX,2022-12,1980
08XX,2023-01,733
08XX,2023-02,1278
08XX,2023-03,4974
08XX,2023-04,929
08XX,2023-05,1248
08XX,2023-06,1522
08XX,2023-07,1352
08XX,2023-08,12452
08XX,2023-09,1514
08XX,2023-10,1314
08XX,2023-11,2129
08XX,2023-12,2036
08XX,2024-01,522
08XX,2024-02,859
08XX,2024-03,988
08XX,2024-04,1255
08XX,2024-05,847
08XX,2024-06,302
6XXX,2007-01,37
6XXX,2007-02,30
6XXX,2007-03,36
6XXX,2007-04,15
6XXX,2007-05,27
6XXX,2007-06,51
6XXX,2007-07,30
6XXX,2007-08,62
6XXX,2007-09,73
6XXX,2007-10,69
6XXX,2007-11,106
6XXX,2007-12,95
6XXX,2008-01,95
6XXX,2008-02,101
6XXX,2008-03,76
6XXX,2008-04,137
6XXX,2008-05,159
6XXX,2008-06,164
6XXX,2008-07,172
6XXX,2008-08,253
6XXX,2008-09,303
6XXX,2008-10,488
6XXX,2008-11,448
6XXX,2008-12,499
6XXX,2009-01,487
6XXX,2009-02,635
6XXX,2009-03,777
6XXX,2009-04,792
6XXX,2009-05,1099
6XXX,2009-06,1003
6XXX,2009-07,1118
6XXX,2009-08,1173
6XXX,2009-09,1156
6XXX,2009-10,1737
6XXX,2009-11,2222
6XXX,2009-12,2054
6XXX,2010-01,2029
6XXX,2010-02,2258
6XXX,2010-03,3020
6XXX,2010-04,2744
6XXX,2010-05,3420
6XXX,2010-06,3491
6XXX,2010-07,3803
6XXX,2010-08,4038
6XXX,2010-09,3961
6XXX,2010-10,4293
6XXX,2010-11,5081
6XXX,2010-12,4061
6XXX,2011-01,6757
6XXX,2011-02,7442
6XXX,2011-03,9523
6XXX,2011-04,9988
6XXX,2011-05,16902
6XXX,2011-06,25333
6XXX,2011-07,10112
6XXX,2011-08,12301
6XXX,2011-09,12362
6XXX,2011-10,4147
6XXX,2011-11,4043
6XXX,2011-12,4154
6XXX,2012-01,3905
6XXX,2012-02,6058
6XXX,2012-03,7441
6XXX,2012-04,8245
6XXX,2012-05,12746
6XXX,2012-06,17152
6XXX,2012-07,8348
6XXX,2012-08,6995
6XXX,2012-09,5734
6XXX,2012-10,6429
6XXX,2012-11,6749
6XXX,2012-12,9798
6XXX,2013-01,5892
6XXX,2013-02,6586
6XXX,2013-03,5844
6XXX,2013-04,6342
6XXX,2013-05,6647
6XXX,2013-06,6135
6XXX,2013-07,5843
6XXX,2013-08,4616
6XXX,2013-09,4534
6XXX,2013-10,6140
6XXX,2013-11,5693
6XXX,2013-12,5335
6XXX,2014-01,5601
6XXX,2014-02,6791
6XXX,2014-03,6893
6XXX,2014-04,6158
6XXX,2014-05,7578
6XXX,2014-06,7341
6XXX,2014-07,7631
6XXX,2014-08,8813
6XXX,2014-09,9649
6XXX,2014-10,10388
6XXX,2014-11,9068
6XXX,2014-12,9102
6XXX,2015-01,7576
6XXX,2015-02,7109
6XXX,2015-03,6997
6XXX,2015-04,6577
6XXX,2015-05,7802
6XXX,2015-06,7999
6XXX,2015-07,8793
6XXX,2015-08,8730
6XXX,2015-09,8166
6XXX,2015-10,9604
6XXX,2015-11,8941
6XXX,2015-12,9020
6XXX,2016-01,8004
6XXX,2016-02,9139
6XXX,2016-03,9441
6XXX,2016-04,20049
6XXX,2016-05,10315
6XXX,2016-06,9761
6XXX,2016-07,9737
6XXX,2016-08,12358
6XXX,2016-09,12239
6XXX,2016-10,11708
6XXX,2016-11,13159
6XXX,2016-12,15961
6XXX,2017-01,11906
6XXX,2017-02,13621
6XXX,2017-03,15619
6XXX,2017-04,13142
6XXX,2017-05,16264
6XXX,2017-06,17151
6XXX,2017-07,14780
6XXX,2017-08,16573
6XXX,2017-09,14749
6XXX,2017-10,16840
6XXX,2017-11,18497
6XXX,2017-12,21273
6XXX,2018-01,15807
6XXX,2018-02,16383
6XXX,2018-03,16632
6XXX,2018-04,15841
6XXX,2018-05,16451
6XXX,2018-06,15604
6XXX,2018-07,16522
6XXX,2018-08,17275
6XXX,2018-09,17511
6XXX,2018-10,21042
6XXX,2018-11,23674
6XXX,2018-12,23580
6XXX,2019-01,39151
6XXX,2019-02,30257
6XXX,2019-03,18326
6XXX,2019-04,16104
6XXX,2019-05,20406
6XXX,2019-06,18850
6XXX,2019-07,21043
6XXX,2019-08,27655
6XXX,2019-09,22426
6XXX,2019-10,25250
6XXX,2019-11,35954
6XXX,2019-12,30538
6XXX,2020-01,22948
6XXX,2020-02,25485
6XXX,2020-03,28415
6XXX,2020-04,23636
6XXX,2020-05,23676
6XXX,2020-06,158998
6XXX,2020-07,35146
6XXX,2020-08,28706
6XXX,2020-09,33773
6XXX,2020-10,35186
6XXX,2020-11,33175
6XXX,2020-12,37050
6XXX,2021-01,24998
6XXX,2021-02,32511
6XXX,2021-03,32774
6XXX,2021-04,28931
6XXX,2021-05,102409
6XXX,2021-06,29109
6XXX,2021-07,26381
6XXX,2021-08,34377
6XXX,2021-09,30600
6XXX,2021-10,27957
6XXX,2021-11,34317
6XXX,2021-12,33965
6XXX,2022-01,18243
6XXX,2022-02,24888
6XXX,2022-03,27544
6XXX,2022-04,34462
6XXX,2022-05,23022
6XXX,2022-06,27294
6XXX,2022-07,21845
6XXX,2022-08,23754
6XXX,2022-09,22361
6XXX,2022-10,27426
6XXX,2022-11,27918
6XXX,2022-12,29577
6XXX,2023-01,19969
6XXX,2023-02,41373
6XXX,2023-03,24406
6XXX,2023-04,18938
6XXX,2023-05,28829
6XXX,2023-06,20785
6XXX,2023-07,20450
6XXX,2023-08,70708
6XXX,2023-09,29946
6XXX,2023-10,31148
6XXX,2023-11,76600
6XXX,2023-12,27949
6XXX,2024-01,31929
6XXX,2024-02,25391
6XXX,2024-03,22464
6XXX,2024-04,22048
6XXX,2024-05,22816
6XXX,2024-06,12445
7XXX,2007-01,0
7XXX,2007-02,0
7XXX,2007-03,0
7XXX,2007-04,2
7XXX,2007-05,0
7XXX,2007-06,1
7XXX,2007-07,5
7XXX,2007-08,2
7XXX,2007-09,5
7XXX,2007-10,1
7XXX,2007-11,13
7XXX,2007-12,10
7XXX,2008-01,13
7XXX,2008-02,13
7XXX,2008-03,5
7XXX,2008-04,18
7XXX,2008-05,19
7XXX,2008-06,6
7XXX,2008-07,25
7XXX,2008-08,13
7XXX,2008-09,36
7XXX,2008-10,13
7XXX,2008-11,33
7XXX,2008-12,43
7XXX,2009-01,38
7XXX,2009-02,25
7XXX,2009-03,69
7XXX,2009-04,37
7XXX,2009-05,47
7XXX,2009-06,50
7XXX,2009-07,68
7XXX,2009-08,207
7XXX,2009-09,295
7XXX,2009-10,346
7XXX,2009-11,293
7XXX,2009-12,232
7XXX,2010-01,241
7XXX,2010-02,233
7XXX,2010-03,314
7XXX,2010-04,349
7XXX,2010-05,309
7XXX,2010-06,338
7XXX,2010-07,175
7XXX,2010-08,138
7XXX,2010-09,213
7XXX,2010-10,208
7XXX,2010-11,330
7XXX,2010-12,184
7XXX,2011-01,231
7XXX,2011-02,428
7XXX,2011-03,387
7XXX,2011-04,419
7XXX,2011-05,873
7XXX,2011-06,1375
7XXX,2011-07,365
7XXX,2011-08,322
7XXX,2011-09,360
7XXX,2011-10,382
7XXX,2011-11,471
7XXX,2011-12,338
7XXX,2012-01,363
7XXX,2012-02,765
7XXX,2012-03,897
7XXX,2012-04,1041
7XXX,2012-05,1989
7XXX,2012-06,3266
7XXX,2012-07,1643
7XXX,2012-08,1871
7XXX,2012-09,1620
7XXX,2012-10,1874
7XXX,2012-11,2068
7XXX,2012-12,2889
7XXX,2013-01,1845
7XXX,2013-02,2527
7XXX,2013-03,2686
7XXX,2013-04,2312
7XXX,2013-05,2496
7XXX,2013-06,1824
7XXX,2013-07,2034
7XXX,2013-08,1823
7XXX,2013-09,2568
7XXX,2013-10,4168
7XXX,2013-11,4249
7XXX,2013-12,3012
7XXX,2014-01,2524
7XXX,2014-02,2497
7XXX,2014-03,1852
7XXX,2014-04,1432
7XXX,2014-05,1520
7XXX,2014-06,1520
7XXX,2014-07,1563
7XXX,2014-08,2260
7XXX,2014-09,1033
7XXX,2014-10,819
7XXX,2014-11,914
7XXX,2014-12,936
7XXX,2015-01,635
7XXX,2015-02,949
7XXX,2015-03,840
7XXX,2015-04,605
7XXX,2015-05,624
7XXX,2015-06,749
7XXX,2015-07,806
7XXX,2015-08,743
7XXX,2015-09,720
7XXX,2015-10,1051
7XXX,2015-11,1058
7XXX,2015-12,1080
7XXX,2016-01,713
7XXX,2016-02,934
7XXX,2016-03,943
7XXX,2016-04,794
7XXX,2016-05,977
7XXX,2016-06,1031
7XXX,2016-07,931
7XXX,2016-08,1056
7XXX,2016-09,1005
7XXX,2016-10,767
7XXX,2016-11,1166
7XXX,2016-12,1543
7XXX,2017-01,675
7XXX,2017-02,1063
7XXX,2017-03,1060
7XXX,2017-04,748
7XXX,2017-05,1090
7XXX,2017-06,1253
7XXX,2017-07,1303
7XXX,2017-08,1368
7XXX,2017-09,1231
7XXX,2017-10,1468
7XXX,2017-11,3656
7XXX,2017-12,1905
7XXX,2018-01,818
7XXX,2018-02,1362
7XXX,2018-03,1818
7XXX,2018-04,1368
7XXX,2018-05,1452
7XXX,2018-06,2163
7XXX,2018-07,1669
7XXX,2018-08,2541
7XXX,2018-09,1258
7XXX,2018-10,1758
7XXX,2018-11,2061
7XXX,2018-12,2365
7XXX,2019-01,1034
7XXX,2019-02,1420
7XXX,2019-03,1351
7XXX,2019-04,1404
7XXX,2019-05,1470
7XXX,2019-06,1601
7XXX,2019-07,1633
7XXX,2019-08,1787
7XXX,2019-09,1924
7XXX,2019-10,2079
7XXX,2019-11,2307
7XXX,2019-12,2750
7XXX,2020-01,1787
7XXX,2020-02,2220
7XXX,2020-03,3050
7XXX,2020-04,2001
7XXX,2020-05,1974
7XXX,2020-06,2127
7XXX,2020-07,1844
7XXX,2020-08,1721
7XXX,2020-09,2165
7XXX,2020-10,2117
7XXX,2020-11,2822
7XXX,2020-12,3173
7XXX,2021-01,1426
7XXX,2021-02,3217
7XXX,2021-03,2788
7XXX,2021-04,3113
7XXX,2021-05,2861
7XXX,2021-06,2705
7XXX,2021-07,2745
7XXX,2021-08,2932
7XXX,2021-09,2897
7XXX,2021-10,2593
7XXX,2021-11,3524
7XXX,2021-12,3646
7XXX,2022-01,1396
7XXX,2022-02,2610
7XXX,2022-03,2679
7XXX,2022-04,1939
7XXX,2022-05,3300
7XXX,2022-06,2538
7XXX,2022-07,3084
7XXX,2022-08,3486
7XXX,2022-09,3103
7XXX,2022-10,2617
7XXX,2022-11,4291
7XXX,2022-12,4082
7XXX,2023-01,2487
7XXX,2023-02,3960
7XXX,2023-03,4064
7XXX,2023-04,3033
7XXX,2023-05,4209
7XXX,2023-06,3780
7XXX,2023-07,4719
7XXX,2023-08,4112
7XXX,2023-09,4399
7XXX,2023-10,4727
7XXX,2023-11,5659
7XXX,2023-12,13382
7XXX,2024-01,2836
7XXX,2024-02,4410
7XXX,2024-03,3681
7XXX,2024-04,3392
7XXX,2024-05,3404
7XXX,2024-06,1972
